day,lpobs,mu,low,high
0,-8.087195113146585,-8.115924508315832,-8.161495418805774,-8.071477215532049
1,-8.740935054272432,-8.738638489684933,-8.763439638500497,-8.713388392102113
2,-8.77507857619112,-8.769285265803436,-8.799698026756321,-8.738945137721773
3,-8.714855195159489,-8.712220800455272,-8.737987720728752,-8.687136808221208
4,-8.559008216527891,-8.570861862115603,-8.593912260591374,-8.547374310538071
5,-8.963442249977337,-8.946017051464235,-8.970887242167322,-8.92093373707708
6,-8.520947616216432,-8.5372860310234,-8.559794111387927,-8.515507221485356
7,-8.622563897952924,-8.627997937929406,-8.649721963534123,-8.606618708809687
8,-8.94160810644664,-8.925966791752646,-8.952873946829927,-8.89696317546646
9,-8.776987736584518,-8.795540593790658,-8.823585433313113,-8.766918613710613
10,-9.003267102080024,-8.981680112477694,-9.012375638027963,-8.949462135224397
11,-8.76928453229921,-8.786598945705052,-8.810494126748695,-8.763626331668817
12,-8.985235982028335,-8.97565488319184,-9.00042817240636,-8.950937447392471
13,-8.936448490536376,-8.93816266943746,-8.964369861500987,-8.9129992377751
14,-8.914287641723556,-8.917380322167562,-8.941621297517077,-8.892991208761748
15,-8.916134936144852,-8.928171256874645,-8.955631538748671,-8.90069903066874
16,-9.292671092291497,-9.253825524235875,-9.286869157281219,-9.220813195744684
17,-9.052014364551013,-9.054532066214916,-9.084860949160182,-9.023782272740128
18,-8.848429260773814,-8.855767551161202,-8.879045412543705,-8.831266875861989
19,-8.758883234457096,-8.759844191707087,-8.78263614207235,-8.736445099182166
20,-8.658411498099454,-8.667424039410829,-8.688555043934464,-8.645555536394186
21,-8.850734576438217,-8.8380791168605,-8.861024167311713,-8.814654009856202
22,-8.710210390017403,-8.722675754653316,-8.747246614225478,-8.697800250354993
23,-9.107727692543131,-9.081136113234214,-9.116312090155233,-9.04547416581804
24,-8.903283023208475,-8.90816190609652,-8.939023022577231,-8.878304940268931
25,-8.782961637461185,-8.795144171681153,-8.821516320033059,-8.769420745540108
26,-8.925262646457025,-8.925467890419542,-8.950954892434629,-8.898138861427077
27,-9.046198632266622,-9.037541629694937,-9.065670652359337,-9.007364639627015
28,-8.977861431079146,-8.985969114765702,-9.015692952881215,-8.957337269957332
29,-9.027307179392878,-9.041608082442744,-9.077938252222072,-9.004494615307987
30,-9.322901092643646,-9.2779374917935,-9.313607586406816,-9.241561596222965
31,-9.049790348391477,-9.049160721876826,-9.083724268673542,-9.015618031812325
32,-8.816801489986121,-8.827053130147226,-8.853788503976089,-8.801203640097157
33,-8.742893976548231,-8.753491199603323,-8.77869826326896,-8.72725304007091
34,-8.8962202539372,-8.888223476520409,-8.916638169734574,-8.858619123818144
35,-8.869950414387478,-8.879626119061841,-8.906213897286932,-8.852454898679936
36,-9.010644421995414,-9.01133426674859,-9.042147239078233,-8.978960275815583
37,-9.140591739613036,-9.11313389563282,-9.14927786425754,-9.076759724773172
38,-8.928436445634075,-8.936455850996795,-8.968265675686085,-8.90284542890954
39,-8.845436922617065,-8.853438071936889,-8.877957757608002,-8.828505650545992
40,-8.912147833521079,-8.905648094239924,-8.93009320043685,-8.880940602576342
41,-8.791012307901047,-8.79743527754273,-8.821340651461938,-8.773373161758894
42,-8.821941819750585,-8.817628766609644,-8.842363249530258,-8.79335066600253
43,-8.696340520272607,-8.707301544826677,-8.731215637375218,-8.684693693327661
44,-8.797108175639961,-8.783755782244418,-8.811832993058022,-8.75568633703314
45,-8.658468776729581,-8.671740090102427,-8.700333711106351,-8.641330002042226
46,-8.745240806238,-8.746269365649836,-8.769141945104094,-8.723288442512409
47,-8.879475349674305,-8.865186628767066,-8.890500002222094,-8.83903942440756
48,-8.704692831520083,-8.708441895740908,-8.731062169622621,-8.685179558810066
49,-8.596195797932488,-8.607263026122894,-8.62821543816902,-8.586560644242233
50,-8.770497118258989,-8.772854654920192,-8.798242032932588,-8.74741077554121
51,-9.019354263396977,-8.993205324085062,-9.02154704629539,-8.963729123311355
52,-8.598642294267668,-8.623138982952636,-8.649182379498079,-8.596287930904575
53,-8.726470583054557,-8.723327449553699,-8.750224502293314,-8.696235014119074
54,-8.742586858418816,-8.73604417054037,-8.759106534972565,-8.713095126774798
55,-8.603976185992328,-8.614797086566023,-8.637102913569596,-8.591633697630334
56,-8.70092274162451,-8.700920576493266,-8.726273416581215,-8.675886591687796
57,-8.77193893360281,-8.774453050618343,-8.799812666923593,-8.748337006368489
58,-9.222288499633093,-9.187467824307108,-9.22694060460434,-9.14647907813012
59,-8.81834986181738,-8.834464155503614,-8.861785888431672,-8.80701425162388
60,-8.773603512203422,-8.783039938710617,-8.809926638202775,-8.757655066217922
61,-8.952086301924732,-8.946377223209437,-8.97214087955474,-8.92012383797748
62,-8.960831742747274,-8.956999825812069,-8.981993804405338,-8.93236362362016
63,-8.879328606062142,-8.880514888349756,-8.908005787908916,-8.852617650350531
64,-8.765290881289243,-8.776945607598321,-8.802566838868898,-8.752015760492396
65,-9.040298280104565,-9.022965434092434,-9.05638524193877,-8.98923776822345
66,-8.950220938929371,-8.94459330896067,-8.975248827585071,-8.914473371708663
67,-8.784746313940888,-8.789503315692183,-8.814927459451356,-8.765337173464804
68,-8.710440607382981,-8.718338162991929,-8.74217443659234,-8.694672888244206
69,-8.824659769020323,-8.823555680593582,-8.847777789935622,-8.798795962827565
70,-8.89122970289893,-8.8935539203679,-8.918779658562933,-8.867550702907582
71,-9.013591746433999,-9.01004822237411,-9.037949947999788,-8.981578304118033
72,-9.07510757170384,-9.063355320092418,-9.096768708243305,-9.030568935472992
73,-8.982864456810937,-8.983459728325531,-9.015463931360767,-8.950374293681866
74,-8.885771465479676,-8.876838146591902,-8.903256485006276,-8.849773331985844
75,-8.562912741309349,-8.583284281165128,-8.606786995669161,-8.558907834269533
76,-8.83011896564554,-8.82356400328478,-8.848746232209486,-8.799831216981843
77,-8.840320883726204,-8.840933317077528,-8.864970521996018,-8.81600152924801
78,-8.855056649992047,-8.864788464679494,-8.890509477667258,-8.838750289768537
79,-9.175175893146674,-9.15466265033265,-9.188313468301391,-9.11917165663763
80,-9.13358264929989,-9.119331871643695,-9.155831517217305,-9.080850223551474
81,-8.801400140148305,-8.814787999435106,-8.843335748717292,-8.78670450829
82,-8.786836713818552,-8.772976077287984,-8.797057895653277,-8.747384093827325
83,-8.416209295881758,-8.43111400615293,-8.452427318226341,-8.41010471293649
84,-8.494962796719122,-8.491710484264598,-8.512657729106191,-8.470237648744197
85,-8.438309000658364,-8.445785022406803,-8.466354433158557,-8.426932501048377
86,-8.61880605794991,-8.605054984441812,-8.630419242835622,-8.580571515977676
87,-8.5149111822053,-8.516338550382155,-8.540390096964781,-8.490419432702412
88,-8.480358515036189,-8.485529555459168,-8.50496741959331,-8.464755309082381
89,-8.592870798748306,-8.585932714021716,-8.608659480935193,-8.56280267695751
90,-8.499558136803005,-8.502228166565233,-8.523315723953685,-8.48151475734678
91,-8.45825957357592,-8.46348884096694,-8.485182699337447,-8.443358692686072
92,-8.551356309502044,-8.54771270089433,-8.57090833748587,-8.524526587434716
93,-8.529973633099184,-8.533574873093647,-8.558510443451597,-8.509252140328911
94,-8.55170730768103,-8.540697490263907,-8.567199377659536,-8.514308135861562
95,-8.362236745451177,-8.363587919461528,-8.38304764487797,-8.344415123209604
96,-8.21512751646083,-8.221898073964391,-8.238385320510858,-8.205501980998504
97,-8.38647817850324,-8.385555745549995,-8.40467963533431,-8.365570554840499
98,-8.548876469609896,-8.544819061738735,-8.565024142381287,-8.523630509526166
99,-8.569477696519755,-8.573448960703617,-8.594411262623128,-8.552053306927416
100,-8.666951043611398,-8.671064999723747,-8.697805081518936,-8.643134945949967
101,-8.853496608541592,-8.821281498971183,-8.850013395246206,-8.791791808343692
102,-8.384088431562683,-8.398225025732577,-8.418658858975643,-8.376257579549527
103,-8.413875576107097,-8.421421861371366,-8.441275606131457,-8.401976537471405
104,-8.648585372270619,-8.642382486473641,-8.665889031918864,-8.619385512420205
105,-8.695073071119072,-8.69605225780253,-8.719364869585199,-8.672263995074754
106,-8.743620283934886,-8.746407667838218,-8.771914998730779,-8.720781559675347
107,-8.814277512359546,-8.79706690967517,-8.824351629582997,-8.768466184506815
108,-8.573041202663193,-8.588869067876782,-8.61324630035124,-8.563878466273115
109,-8.609317365721461,-8.617691800810823,-8.64264455500264,-8.59361978534833
110,-8.813930869397227,-8.810528744572009,-8.833433537152196,-8.787649397047069
111,-8.93665688808487,-8.920561736398579,-8.94509626788554,-8.895020902993659
112,-8.667775179494837,-8.670966672596514,-8.69299294915386,-8.647746083371578
113,-8.498080269076047,-8.498410697376173,-8.52026749063362,-8.47624563016449
114,-8.287436689659359,-8.306931457217104,-8.330397596573553,-8.28413372881306
115,-8.588675167461636,-8.564266281947944,-8.591221217469426,-8.537515889142856
116,-8.380494992297606,-8.390413258523255,-8.409391338541852,-8.370987753979033
117,-8.505987904079648,-8.506375065162224,-8.52757794371997,-8.483281108306473
118,-8.637869737146515,-8.634800509817163,-8.656342089671291,-8.613154340715973
119,-8.677201211784473,-8.682111091028176,-8.704913596209161,-8.658807510816523
120,-8.824758564332164,-8.829429986239505,-8.853207427400388,-8.806221878442317
121,-9.07717058211102,-9.054683706143155,-9.088253275951475,-9.020093435956916
122,-9.011054625678216,-9.004568462409914,-9.038361277873591,-8.972631041238646
123,-8.91483888084515,-8.904415213669957,-8.93067694957424,-8.87944637074158
124,-8.581912736018634,-8.600573284946803,-8.623882632968758,-8.577108151846723
125,-8.946158166856879,-8.937825540623713,-8.967655271824139,-8.90742697570948
126,-8.913517950755846,-8.914909446714905,-8.940077789604043,-8.889665168316196
127,-8.858096413034497,-8.86621833703921,-8.892480316447351,-8.840779432139596
128,-8.97243243036304,-8.959059343263359,-8.990755986690033,-8.927041508674844
129,-8.869420346759004,-8.874738520667163,-8.90384056215025,-8.84561633036606
130,-8.840035287810931,-8.843753854918845,-8.868113694288066,-8.820248905566032
131,-8.851449015047333,-8.845269754685544,-8.86913431899811,-8.820325460140417
132,-8.750353990307342,-8.754561377206906,-8.777920801921754,-8.72984855282799
133,-8.727302939782685,-8.732610104709824,-8.75480752813629,-8.709222987302097
134,-8.77183261629475,-8.77378332796639,-8.79882196559714,-8.749067014196049
135,-8.85348938627043,-8.858875202600903,-8.88903061795564,-8.82698677272967
136,-8.994771138869224,-8.970754312578707,-9.003205745521404,-8.937193091060156
137,-8.723630323971385,-8.7343423872912,-8.756856552854295,-8.711114127906976
138,-8.694331377249139,-8.683209959020093,-8.70726733250833,-8.659014227718657
139,-8.403719531745537,-8.413918450353645,-8.435094759634485,-8.393396991452297
140,-8.402131759838094,-8.405536415516828,-8.425384892006647,-8.386442756675093
141,-8.474053590840004,-8.4796414964198,-8.50203750818702,-8.45788953489118
142,-8.699875602634632,-8.698944033508731,-8.72977005269358,-8.666443182267294
143,-8.934477893524749,-8.905299740750449,-8.938551839516979,-8.871136435128193
144,-8.7451991016759,-8.75019844570188,-8.775630208813372,-8.723795987901335
145,-8.671090946698795,-8.67939817634525,-8.702116102854387,-8.656754168861324
146,-8.76197296008972,-8.764504715410531,-8.78962415594253,-8.739108399945613
147,-8.881613248431538,-8.878514356868566,-8.903733459973136,-8.85203244856882
148,-8.926551713685885,-8.932609716420169,-8.960359348663324,-8.906355024784023
149,-9.080975734153007,-9.069579690339966,-9.1035106446178,-9.033055782976414
150,-9.110264905589991,-9.090796802547224,-9.126966048713832,-9.05500914710511
151,-8.92541687211434,-8.941682687918115,-8.968343788648902,-8.914636544512394
152,-9.086853232597377,-9.069450491822147,-9.098420730686724,-9.039740804186223
153,-8.88678868835154,-8.901287415839153,-8.927115518141157,-8.876107738562487
154,-9.013381360976103,-9.006382362085287,-9.033303740985236,-8.97973829896181
155,-8.949748532283083,-8.961949810675184,-8.987806073316266,-8.936145617825652
156,-9.17802581573409,-9.144766252025494,-9.182018769344172,-9.10767169130948
157,-8.982938470972424,-8.996341340105133,-9.029057492605835,-8.96193555476307
158,-8.963844147108157,-8.967054857647376,-8.994111531939927,-8.938943810056102
159,-8.971390722599983,-8.976505801625338,-9.004850460414012,-8.94775848610615
160,-9.052318430698737,-9.049863214063796,-9.075553240480364,-9.023942158295917
161,-9.09467235057472,-9.09307286505122,-9.122151023496178,-9.063478257800387
162,-9.065346877777335,-9.077678608731222,-9.104589579952595,-9.04968744085709
163,-9.314436542870185,-9.266987692237628,-9.304532296945824,-9.226684658596552
164,-8.966248124868937,-8.97510969930073,-9.009017997285,-8.941444105807069
165,-8.86155821514098,-8.872667376429543,-8.898405550571457,-8.846260514386767
166,-9.003342911023699,-8.991391103625899,-9.020825137228773,-8.960446590072536
167,-8.860143183088622,-8.874991341121984,-8.904546173148134,-8.846332210761446
168,-9.071728613710018,-9.046159190130567,-9.0742871540833,-9.017460581088416
169,-8.74431385577936,-8.755304234967491,-8.779746864452576,-8.730019887361046
170,-8.690320316519438,-8.707256978691996,-8.737424126959414,-8.675088571387898
171,-8.819249095193985,-8.824249401834315,-8.858162109113497,-8.789939253841094
172,-9.200633856985746,-9.178109837904183,-9.211651005032763,-9.14451728073172
173,-9.068365094030726,-9.085824433430865,-9.116149198129293,-9.05538843114317
174,-9.281140868866682,-9.264593116393343,-9.29488117141631,-9.234295482318997
175,-9.193532182380963,-9.197505725748536,-9.228493059237257,-9.167804007205033
176,-9.207038865002671,-9.201890828383831,-9.233470298704022,-9.169878353632923
177,-9.08458899743984,-9.10313667218999,-9.140244690358799,-9.066125601115296
178,-9.165454499209135,-9.162340173680603,-9.199385754468969,-9.125520549040646
179,-9.194198531009961,-9.198018270039215,-9.229575985630776,-9.165204054831953
180,-9.278678138912078,-9.25852624096259,-9.29196399327964,-9.226385623837146
181,-9.058484030999617,-9.063009615680876,-9.09466723961179,-9.032516169587629
182,-8.926250448719951,-8.939870645044188,-8.96664557103409,-8.910982848614324
183,-8.993121578614982,-9.004028108770335,-9.02938113852067,-8.976938594655946
184,-9.37059883186985,-9.31864567517185,-9.358501611974464,-9.278130898436231
185,-9.230653726064684,-9.224118682769614,-9.26149756806772,-9.185757687481487
186,-9.040032140757171,-9.06117628065429,-9.093237169767303,-9.02839644710685
187,-9.168437813013483,-9.14173982245688,-9.181949184286486,-9.098782504719523
188,-8.657136475299192,-8.682542846501683,-8.70890510935558,-8.655533936977333
189,-9.008221717412045,-9.006904776416196,-9.035264962693468,-8.978865047476653
190,-9.203383527731855,-9.186819648276588,-9.217904950658545,-9.156290358058731
191,-9.12323114104501,-9.14318915303965,-9.177278544093129,-9.110367471373817
192,-9.293476859966457,-9.260669345995375,-9.297058981912757,-9.22201425593906
193,-9.144328670790395,-9.148628916586993,-9.17805498193413,-9.120067911239293
194,-9.09014232986977,-9.096954161544955,-9.122926636733022,-9.070330822427364
195,-9.107050377974884,-9.112625249248609,-9.140059654687686,-9.085890089944417
196,-9.225651325934557,-9.20442796747284,-9.236359519787232,-9.171351924369596
197,-8.978749994101971,-9.001449710597264,-9.030948616687173,-8.971748078633512
198,-9.272075036467662,-9.235490295190171,-9.271545166505682,-9.197220366166267
199,-9.136634360810692,-9.14129781130267,-9.178530036408379,-9.102417640211133
200,-9.111977827373172,-9.102484750167855,-9.128844262463604,-9.076127213079412
201,-8.83780154301857,-8.855969456403813,-8.87898188416012,-8.83096559160862
202,-9.026952578504677,-9.021555103586765,-9.04629659367808,-8.994670838043707
203,-9.050128247543652,-9.052572773854285,-9.079383047508603,-9.023597771859714
204,-9.108151237484726,-9.108239319954018,-9.137547975760125,-9.078673159414414
205,-9.1660498162037,-9.15354309653817,-9.184889628930032,-9.120212185887215
206,-9.015300328312874,-9.044335388712947,-9.078076752752029,-9.009387717811938
207,-9.266127203306096,-9.247368446937207,-9.279191044688458,-9.213576841726084
208,-9.188738634100002,-9.186365849515749,-9.216950057666015,-9.156014300461088
209,-9.01474892830514,-9.02482963581968,-9.05109672197404,-8.997316776614621
210,-9.020520901623957,-9.028827502348237,-9.056116073132504,-9.001149004599391
211,-9.143738940944269,-9.14760224826535,-9.177369147096272,-9.119102501182653
212,-9.348406209548973,-9.312570694117802,-9.351380772735695,-9.275774964015437
213,-8.928359551999609,-8.958670420412059,-8.993426959594128,-8.923102111560512
214,-9.183307604880655,-9.168150880618938,-9.19764823967807,-9.134046586872705
215,-9.109896826199162,-9.1026535331863,-9.133360027543967,-9.071746036701004
216,-8.90979209115934,-8.927431523402435,-8.953709662386938,-8.900250816768327
217,-9.098147507399943,-9.095048386347772,-9.120770550313372,-9.067383379080713
218,-9.193490173635825,-9.184468064720754,-9.214692681320667,-9.15437571523495
219,-9.10266070418292,-9.128316722574992,-9.165515087611704,-9.088963174226844
220,-9.331552070197768,-9.301544507179566,-9.340587032846638,-9.26179439283158
221,-9.212831460186313,-9.22554364168239,-9.260804545784753,-9.18985913913871
222,-9.264798740389507,-9.250462095804458,-9.282388939244367,-9.215171598312903
223,-9.113571920107487,-9.127032646194753,-9.156459661338143,-9.098358409678779
224,-9.197620449160507,-9.178334978222678,-9.212807167927744,-9.144535240717321
225,-8.886509928098214,-8.907590766540869,-8.934005439110951,-8.881369290870516
226,-9.375327185300968,-9.338881559539374,-9.37748160763482,-9.299166029849957
227,-9.283155137063778,-9.277172859459156,-9.314476344427401,-9.241189100749448
228,-9.160748299725563,-9.166788209421386,-9.196504803627034,-9.136071512662564
229,-8.524415899708517,-8.540013966471827,-8.562714222346116,-8.515895660062991
230,-8.918289023716737,-8.900830905396932,-8.926809946984724,-8.874418512644137
231,-8.672901636888165,-8.683728433446912,-8.706647831984476,-8.660717480024251
232,-8.74104904978068,-8.741155246062295,-8.766560256317316,-8.714836921048324
233,-9.520966417357117,-9.464759551773824,-9.504021503333725,-9.421310684688432
234,-9.30377046929621,-9.29848722500939,-9.337877857857258,-9.257724857276601
235,-8.968844853214357,-8.977454614849648,-9.00692910836522,-8.947713449882258
236,-8.874334437662093,-8.888314382241758,-8.917438942099302,-8.861145435252695
237,-9.31715087755701,-9.293127046146255,-9.323817849559228,-9.260759541767081
238,-9.171663703188694,-9.177439514532661,-9.205677223330433,-9.149480770830547
239,-9.118859131488646,-9.13581251062903,-9.165147568954753,-9.10534505098431
240,-9.36951244745911,-9.336222472266577,-9.368797618185988,-9.3010809262401
241,-9.277865130557094,-9.268473649257954,-9.304284670794,-9.234371230349986
242,-9.036449009600796,-9.05505718829398,-9.083540133215696,-9.027113653106133
243,-9.159224195913755,-9.16561687621447,-9.195359346374268,-9.13728651470919
244,-9.346769967751918,-9.323524684211579,-9.354443014612919,-9.293228271329124
245,-9.141965101678712,-9.151132360585306,-9.180990839733662,-9.1202273016854
246,-9.102998393001787,-9.11321921410627,-9.142899600639282,-9.083653198305061
247,-9.238739000783237,-9.232033262808995,-9.269170207816583,-9.196633179592151
248,-9.300174654754818,-9.27465866353249,-9.312828012463365,-9.23301017081058
249,-9.103777760008041,-9.111133553536721,-9.140499081219462,-9.081453776314975
250,-9.044075874496894,-9.054678580385929,-9.081796046522339,-9.026493609944968
251,-9.201726302949211,-9.193058655513855,-9.221672944825745,-9.163920217502088
252,-9.182430220511309,-9.189149143397241,-9.217864276831069,-9.159963069697964
253,-9.297835659639931,-9.287831049840431,-9.319534034823876,-9.255802127624648
254,-9.281070872695606,-9.262997119871203,-9.302005954122302,-9.221582489924424
255,-9.018955544599102,-9.051261775901496,-9.083947149608594,-9.017680883390266
256,-9.264365361479191,-9.24351676910122,-9.27228867646168,-9.214426117390378
257,-9.13758635863923,-9.13891206077278,-9.164793372534266,-9.111613947158123
258,-9.052413769670359,-9.064934616162478,-9.090723176915358,-9.037760170800647
259,-9.243893537112829,-9.23944661440677,-9.269234179397833,-9.20804178023509
260,-9.300773042975338,-9.31507735812924,-9.343707504065607,-9.284617466898329
261,-9.584118929347236,-9.524422346391496,-9.562345434806787,-9.484040859295593
262,-9.353984320796707,-9.351454079251027,-9.394292029241711,-9.309391430153998
263,-9.015472929630528,-9.033948642081986,-9.061540703938128,-9.007157903879994
264,-9.128830512446031,-9.14025168339218,-9.169817989301778,-9.111405298695388
265,-9.441561482065756,-9.403427170045727,-9.432085547067008,-9.374314781567001
266,-9.16363133524952,-9.186032408231336,-9.217197869894264,-9.155121160245976
267,-9.308555894056246,-9.320530968789484,-9.351506548212198,-9.289673877421148
268,-9.638835406905889,-9.57921716705228,-9.62088577778354,-9.536787674095553
269,-9.482373589898454,-9.474172001808736,-9.517955045422163,-9.428100272037982
270,-9.131312387392228,-9.137019931377544,-9.167373617594741,-9.10549494058387
271,-9.018546400877982,-9.022608704317028,-9.04997045618733,-8.994200360986087
272,-8.983658826779255,-8.977587814545204,-9.003536034456268,-8.951277925411283
273,-8.830986337054995,-8.842099276178017,-8.866423057641052,-8.816780054982214
274,-8.911556950729668,-8.917178680210263,-8.943691379512789,-8.889029876633987
275,-9.17439711895745,-9.145182306283075,-9.183407311271356,-9.107241447796383
276,-9.037542096377347,-9.058189645250035,-9.091165141952395,-9.023667138614098
277,-9.167050277584513,-9.163591783464105,-9.191890472900354,-9.134611463743392
278,-9.230758054015784,-9.234922459338167,-9.263025977653978,-9.206812619413443
279,-9.393155250383431,-9.37684468136316,-9.40721375729309,-9.346266708100181
280,-9.298257343410294,-9.304263028623257,-9.334683981171503,-9.275444123223199
281,-9.31508378016391,-9.334578598543585,-9.367391507246086,-9.30029595600562
282,-9.644371795424183,-9.583542792026277,-9.622856580967944,-9.542974556096205
283,-9.536800590947584,-9.525959934834685,-9.567688033244647,-9.483186592103046
284,-9.337803267101176,-9.351203807664024,-9.388262573547998,-9.315376794446959
285,-9.305476962178409,-9.330897160116505,-9.361815588516562,-9.299999709641455
286,-9.620847796717143,-9.584680056549669,-9.613975364902767,-9.554776008136376
287,-9.229194262356677,-9.24405872223274,-9.274226219778612,-9.212952612758299
288,-9.294815772380609,-9.291294510530253,-9.3223716123182,-9.259452003040888
289,-9.270306279024862,-9.27348173864686,-9.310019788560103,-9.2370068671694
290,-9.302825927461994,-9.291419509333565,-9.32762643027974,-9.254170634927227
291,-9.224102481228622,-9.214227932273332,-9.247067045293957,-9.179925138016182
292,-8.95170452023259,-8.962937848653896,-8.990324318136324,-8.933670487790527
293,-8.935885217721179,-8.949335913996556,-8.975999903583826,-8.92259501170099
294,-9.24648103960952,-9.229694177309469,-9.256709890307127,-9.201584104777176
295,-9.19732167323907,-9.198980928145259,-9.226114449934075,-9.169393878943755
296,-9.239039401626762,-9.224409805425113,-9.2605174228829,-9.186502140277522
297,-9.06420235335283,-9.088752421012476,-9.11952466384589,-9.05791459538071
298,-9.272405684191122,-9.254607428153248,-9.280516803037989,-9.226943937013358
299,-9.129978882065021,-9.13518728213389,-9.161123427107949,-9.108973358855385
300,-9.057611742571272,-9.074247032342296,-9.09699624977031,-9.049659370573393
301,-9.323969245491181,-9.31714771704521,-9.348502880304643,-9.286222275612474
302,-9.477710067408982,-9.458028503235804,-9.490010183354718,-9.425699970570236
303,-9.420390511627675,-9.404214178644306,-9.440663555025202,-9.366158851735488
304,-9.162333508730898,-9.177394978530268,-9.212544339767046,-9.14218812453392
305,-9.112311531275278,-9.113764575164803,-9.142308317081177,-9.085731064128028
306,-9.06212728169728,-9.071713437909148,-9.099633449220395,-9.043943718263169
307,-9.20164758079711,-9.200201692632948,-9.226268597152611,-9.171852105732166
308,-9.284123445227044,-9.285779655574283,-9.315934814266797,-9.255370447124974
309,-9.412498272688484,-9.416510501033152,-9.445843528821062,-9.386765700367317
310,-9.662144565738648,-9.607161675457606,-9.648780307650519,-9.562573510711799
311,-9.443479105815749,-9.455973711385802,-9.492986292291873,-9.419527230906246
312,-9.411101120201645,-9.407833483748316,-9.438248790650029,-9.376361671761492
313,-9.316486883006526,-9.312415430422027,-9.34427547394773,-9.279180785966219
314,-9.122023294445636,-9.12801973886212,-9.153686121695218,-9.100145797996422
315,-9.041544630230812,-9.057255462901255,-9.083693737060399,-9.031111976985915
316,-9.289190200620181,-9.295496739928828,-9.32855873915464,-9.262739881762538
317,-9.622559992483557,-9.600953305234398,-9.638649830046834,-9.562608986843076
318,-9.797122386449038,-9.736480478492654,-9.778629079511122,-9.69233107561984
319,-9.406948072575851,-9.419362886175028,-9.45591018733344,-9.383342508703212
320,-9.350363357375329,-9.35610316432516,-9.385460727123375,-9.32505114057893
321,-9.353836514834315,-9.353714288485504,-9.38555027349274,-9.321796400805962
322,-9.369273518529521,-9.378148802199664,-9.408299644947675,-9.347211809216775
323,-9.55783932322803,-9.537820842396247,-9.569058739980353,-9.507488182903506
324,-9.449555481914299,-9.45935931863696,-9.49718900498876,-9.42348207605205
325,-9.46031941047743,-9.438786507689345,-9.474137770618539,-9.40252557095233
326,-9.183377342788143,-9.1892696231104,-9.218101944265072,-9.15886530890312
327,-9.069325211444983,-9.08653010558846,-9.113547472627474,-9.059631075831364
328,-9.260434221615451,-9.2576322535949,-9.282882379147217,-9.230953873321692
329,-9.389660390743728,-9.369576003783289,-9.39785261819024,-9.34067895602568
330,-9.199780656361105,-9.211495933669394,-9.240442291183715,-9.182765455210811
331,-9.229353552414915,-9.219086113737683,-9.254988769663608,-9.183109739819084
332,-9.071837551347162,-9.102632569349783,-9.136684918890612,-9.068849469956898
333,-9.375037487028276,-9.344020807800058,-9.373000278651936,-9.314639189734995
334,-9.055695672291744,-9.075704197113977,-9.102064868197495,-9.049057973256794
335,-9.305140722334043,-9.289123726513203,-9.319011307074506,-9.258653832289465
336,-8.620993877776622,-8.632432663245881,-8.655420724828893,-8.609188049106432
337,-9.049322931384596,-9.056693881332556,-9.085991942220929,-9.027439279899507
338,-9.348338730133463,-9.304297808453192,-9.342301879185472,-9.263576865355606
339,-8.933909327146784,-8.965953831643203,-8.999168082554963,-8.931133457683837
340,-9.22880127513298,-9.21399424846451,-9.241495193201441,-9.184406218808554
341,-9.192286279204698,-9.197647078279239,-9.229281547200234,-9.167596634059846
342,-9.244085574660238,-9.243741746496708,-9.272195065135495,-9.216784280306241
343,-9.31574617529211,-9.301558117889904,-9.3294254597216,-9.271368520326964
344,-9.138083640990525,-9.162883178627288,-9.190086099796503,-9.134419717370871
345,-9.48517514672413,-9.431789430718922,-9.469961829675581,-9.393096787580761
346,-9.32781650063805,-9.331681049241885,-9.365315553897533,-9.298541547976612
347,-9.253012999740935,-9.262271755085047,-9.292174297331883,-9.232833646552798
348,-9.328778699489881,-9.334324306673935,-9.363725965510792,-9.304525417310542
349,-9.51806454389681,-9.49138165367085,-9.523977285114045,-9.458751842102778
350,-9.202175012154594,-9.209023178852396,-9.24039916753424,-9.179272031154413
351,-9.139862719004164,-9.150805935347908,-9.179774872385346,-9.121989131929244
352,-9.275314222295304,-9.265601887169554,-9.301900073330529,-9.230334293961608
353,-9.340000467230185,-9.3224731537135,-9.356957805490481,-9.286190400209058
354,-9.236803257063922,-9.24132634635205,-9.269156277549207,-9.211086268068922
355,-9.221052936269214,-9.227683011482815,-9.255690333801113,-9.19909705569486
356,-9.275758231684664,-9.263658275511158,-9.289687846647038,-9.234901793742814
357,-9.141319511482742,-9.152808457119944,-9.180621628811853,-9.12553789783863
358,-9.22675668102607,-9.22039449209281,-9.250976932676313,-9.190493452265809
359,-9.178336165240935,-9.184187731719293,-9.216114730905424,-9.150128204430315
360,-9.161546937531133,-9.172148311382244,-9.206777599795299,-9.138100163321262
361,-9.24811489129369,-9.240192192454874,-9.270839196056986,-9.207980351429848
362,-9.179539134383605,-9.18294835066519,-9.213638175777767,-9.151369722817726
363,-9.162831989279564,-9.173543129645228,-9.198529622173893,-9.146191178785003
364,-9.33146511136329,-9.321262709008307,-9.35459260282333,-9.288260119800205
365,-9.379753792061836,-9.366720637888747,-9.401978149492976,-9.331197740925957
366,-9.268624193973407,-9.276519273949416,-9.316938877544404,-9.236270849464868
367,-9.253012960782362,-9.252385446777438,-9.28729788581955,-9.214511866732252
368,-9.229426648877299,-9.21769648999759,-9.249832728499387,-9.186144024418676
369,-8.865473353651561,-8.882994308309213,-8.90742927682779,-8.858701477841379
370,-9.001381790467828,-9.002504164068078,-9.026750203433126,-8.977362430406094
371,-9.143923474036352,-9.13920524123548,-9.165781916510543,-9.110490622633932
372,-9.200211640427948,-9.194023457510092,-9.220981598125563,-9.164925759280035
373,-9.17949111445207,-9.167728232610184,-9.201904645240763,-9.133194643132732
374,-9.038751376098606,-9.052743402552204,-9.083768706082918,-9.020901561979187
375,-9.121540383387053,-9.10691978347755,-9.134021786665802,-9.078446730663398
376,-8.804570896565336,-8.821703076762304,-8.846404464511895,-8.796992725127268
377,-8.94584082942418,-8.945105347969827,-8.971020828728674,-8.91878571946137
378,-9.009949364493218,-9.006769924641809,-9.033099224427836,-8.980596160509801
379,-8.996098929643521,-9.00459640678806,-9.032157378648407,-8.976225527703942
380,-9.136793450250826,-9.135224188007205,-9.168144356469602,-9.100820458163273
381,-9.25793787929893,-9.24535933029381,-9.279279738243522,-9.212075039937728
382,-9.210038264490642,-9.204196843633795,-9.233109429604594,-9.17507076125192
383,-9.037807492735386,-9.050901635294025,-9.078528774303939,-9.022991351471774
384,-9.098683594918016,-9.092270972119806,-9.119867601583348,-9.06551143314029
385,-9.003377600944674,-9.003091990403552,-9.030486199605381,-8.976160228099374
386,-8.819082136172847,-8.833802379396815,-8.858076815931415,-8.807765732296762
387,-9.264890411280321,-9.241051007374816,-9.279118520792789,-9.202911282688508
388,-9.22348740213073,-9.21175668380593,-9.246642650098243,-9.176334850800561
389,-9.007227481094715,-9.0080626962266,-9.03510244371116,-8.98243767649992
390,-8.837785558417382,-8.846009852910516,-8.873250599119958,-8.81878643917692
391,-8.829676070297884,-8.835400504096269,-8.859931218524903,-8.808910002633219
392,-8.918429131090079,-8.92201894728215,-8.947437769252666,-8.896255661249246
393,-9.068168380035958,-9.043162329131338,-9.073010098429169,-9.01324830063143
394,-8.748266135082169,-8.769424244397019,-8.800860628304102,-8.73671950051272
395,-8.736228935788935,-8.752454966055843,-8.78502829200153,-8.71864718648675
396,-9.062569961539877,-9.044256480566375,-9.078836861633377,-9.008531262478273
397,-8.99046834510575,-8.983409585171554,-9.0131914814011,-8.95327253606811
398,-8.77772660131489,-8.796230341460666,-8.821928362999074,-8.770375115623304
399,-8.952889481013159,-8.937695295235025,-8.964683281839447,-8.909991505474679
400,-8.827929089714358,-8.845417155668331,-8.873163690361627,-8.816907193809858
401,-9.056491039773993,-9.048920712328494,-9.08122951947231,-9.016326893887324
402,-9.107046846381465,-9.124337657824949,-9.161432149934106,-9.083143564604306
403,-10.048685006276813,-9.402660680921327,-9.497631371608428,-9.293388855594745
404,-9.048544293286946,-9.073783933883375,-9.105677435601429,-9.042918144741815
405,-9.371272543238701,-9.350828112141372,-9.377821709750634,-9.323054284322001
406,-8.855361887395864,-8.863414446856977,-8.889786160182677,-8.835883719367844
407,-8.868550431654086,-8.876298069315087,-8.90240760131476,-8.85018089676336
408,-9.04877383000653,-9.031539834910191,-9.06585337342429,-8.996570065047683
409,-8.959850149398966,-8.978696302460126,-9.008347209750635,-8.949531897503084
410,-9.215225390517464,-9.194222817516623,-9.22434815527469,-9.163769234145985
411,-8.724134239179493,-8.741690387555282,-8.76440198883193,-8.718640795939704
412,-9.033906314659204,-9.026503761553132,-9.056482183628724,-8.996607927960293
413,-9.059936992017075,-9.053952921968225,-9.082397579182262,-9.026084232404989
414,-8.893598717755912,-8.910238948375069,-8.936055149582655,-8.882236998695415
415,-9.173212151902419,-9.149343736373153,-9.185062476336256,-9.113913172096495
416,-9.095048721765558,-9.087941514630728,-9.121945647801745,-9.054633335417513
417,-8.916034034971027,-8.935458069789773,-8.964725156652982,-8.906208318382035
418,-9.106911163890947,-9.096336094431393,-9.12260889860616,-9.070456321849456
419,-9.030952453799387,-9.032357427307483,-9.061201546574669,-9.005412709988
420,-9.023972827697698,-9.026278069439883,-9.053005388473666,-9.000094009274378
421,-8.997089703847417,-9.002707412114745,-9.027714298793631,-8.977068793447309
422,-9.127087812082086,-9.099837259021644,-9.134256049282406,-9.065592556964567
423,-8.790127746538706,-8.80780104365575,-8.835925721087278,-8.779091073294143
424,-8.828445295380451,-8.83092873828594,-8.85555411131623,-8.806654383762325
425,-8.859023087513483,-8.868315020241885,-8.893760546351633,-8.841673584599212
426,-9.171111349775506,-9.142440073486116,-9.171765412011778,-9.112854224267426
427,-8.77895484520058,-8.786418195777445,-8.809072284894755,-8.763145471823108
428,-8.69524749550474,-8.70752730222764,-8.731803554790002,-8.68264478466691
429,-8.929784444273633,-8.909753285349447,-8.939136946021097,-8.879878202333625
430,-8.81763936754248,-8.830380581353385,-8.858639053464508,-8.804161949693746
431,-8.927107156441105,-8.927355900348195,-8.952153812330629,-8.904488591693514
432,-9.011019965400845,-9.010461848866166,-9.03742594811525,-8.984051699844208
433,-9.065282742394405,-9.07085144878194,-9.098480987557089,-9.043582529750719
434,-9.212890463806692,-9.20345829821047,-9.231889938776954,-9.17465139546145
435,-9.194335334824515,-9.183118172952922,-9.214905178885832,-9.151371165008177
436,-8.959328712775164,-8.97030283838186,-9.001916451386938,-8.940298122131338
437,-8.891485355196375,-8.88892537832623,-8.91782467026215,-8.857939760858144
438,-8.758135259407766,-8.766916670274469,-8.793234675056906,-8.742103958418387
439,-8.793307551289816,-8.800088597693582,-8.82445743980394,-8.775258458002694
440,-8.955953999001594,-8.95946859397641,-8.985868417589492,-8.933686757294002
441,-9.209276021972837,-9.190005368938158,-9.218637019385177,-9.161968809487732
442,-9.034716812474079,-9.033669954911005,-9.060308705440987,-9.004976130083627
443,-8.890132413613808,-8.905163869289,-8.935030021113656,-8.875498671515945
444,-8.941643678627875,-8.947882658904174,-8.980536097472928,-8.914280058165609
445,-9.082678673016794,-9.082693825938863,-9.10992912766884,-9.054713284849965
446,-9.219064132163295,-9.202626701189923,-9.230726909405812,-9.173752320057728
447,-9.044623284783384,-9.046337032471023,-9.07190699627172,-9.020157786040093
448,-8.89187356605953,-8.903305288086282,-8.927260626072602,-8.880311072971315
449,-9.007223226978391,-9.002322463504923,-9.0274372597468,-8.97577871306308
450,-8.99310335016637,-9.007093371701847,-9.03874386004759,-8.975750851397141
451,-9.206120401696174,-9.186985360939422,-9.22208095494489,-9.153239948981218
452,-9.16553508473085,-9.153955320548702,-9.184248176046648,-9.123355012427647
453,-8.871989037622825,-8.891605053596953,-8.916686646551247,-8.865936294492734
454,-9.028391418323427,-9.022849752988098,-9.050587696828693,-8.996636286368489
455,-9.00636766628798,-9.008917473963061,-9.036531917871635,-8.981005666819676
456,-9.029726879419137,-9.022540927547254,-9.050062156227394,-8.995854735386114
457,-8.924297827779002,-8.92682605395254,-8.958491071154825,-8.89433754948582
458,-8.816179543692868,-8.826255761132698,-8.857407393180363,-8.792639215204574
459,-8.818197821614968,-8.823601030789439,-8.850208543947655,-8.79655498281607
460,-8.910236650311983,-8.902970467942389,-8.93034763945451,-8.876968081524419
461,-8.85436354254433,-8.857943619590607,-8.885303594751399,-8.830894802687364
462,-8.784930819132594,-8.798324768147975,-8.825802862295847,-8.772189963313327
463,-9.070036161040367,-9.063922625398229,-9.096925038870392,-9.031246290708076
464,-9.165368284665968,-9.138186280238493,-9.17661868419939,-9.099705509254829
465,-8.98591434800433,-9.004473472872334,-9.037287498810302,-8.969412903434343
466,-9.117332822529319,-9.095424162903809,-9.124153064769573,-9.067527439703788
467,-8.80844170206776,-8.819322467411599,-8.845456727765592,-8.793673871968807
468,-8.737098823396023,-8.746929050013929,-8.772036326949562,-8.721337386312413
469,-8.820479596218787,-8.821823632821776,-8.848467070854568,-8.794764970392421
470,-8.965863184306968,-8.953708769140787,-8.981612102833868,-8.92339950697546
471,-8.858127837613614,-8.859200151949105,-8.893657173507712,-8.824867994218218
472,-8.716442361018572,-8.74213996439388,-8.776455884204813,-8.708968673419086
473,-9.036112722324093,-9.027929643112536,-9.054941189206975,-9.00094003809351
474,-9.054018938723404,-9.053444858296283,-9.081486729774198,-9.026080820801772
475,-9.050317468159582,-9.057245660356894,-9.08273237384536,-9.032022191910077
476,-9.191579198419346,-9.181954679948378,-9.209478863996532,-9.15365867413795
477,-9.11661188479875,-9.133914867131942,-9.160746504128042,-9.107399422311524
478,-9.39392680504441,-9.366467469681103,-9.401437609341604,-9.330093008646132
479,-9.336161043103873,-9.31799521047666,-9.353130259237318,-9.282838501711355
480,-9.072539497497498,-9.097594255236075,-9.128339424982357,-9.066889445763083
481,-9.336321121077026,-9.311054079280776,-9.34487759849512,-9.278715583563422
482,-8.867414418938484,-8.858396373077623,-8.883454062502581,-8.830963306665987
483,-8.438437406306534,-8.45201160050397,-8.472561655413138,-8.432574166159146
484,-8.471096502692173,-8.47301662724996,-8.494951836935567,-8.45002989544552
485,-8.972485406145744,-8.962510583148052,-8.995538176017668,-8.930681525988707
486,-8.876731253619973,-8.88362817420469,-8.912893589289574,-8.854293379490205
487,-8.876748451344485,-8.863684362497896,-8.888509420521377,-8.83736847308511
488,-8.51719301825605,-8.514079292092937,-8.535009873292834,-8.493867986571441
489,-8.055566974885751,-8.069086557848298,-8.085818070212799,-8.053116491226163
490,-8.608384829914282,-8.605808170161769,-8.627322285935072,-8.583750111281514
491,-8.448862151871024,-8.458152280032445,-8.478581750449196,-8.437922137644298
492,-8.886486195896454,-8.868069332479504,-8.899246601601794,-8.835220661963172
493,-8.636690839490752,-8.654607374225183,-8.680207130591917,-8.627891638788528
494,-8.812526516293175,-8.79215285993274,-8.817464345739737,-8.766622537031104
495,-8.2952151083668,-8.309928376613778,-8.330157791516585,-8.290167249944883
496,-8.338394580005634,-8.34642569290262,-8.368825219517353,-8.324882691040653
497,-8.71911675800061,-8.71762949820235,-8.746295710057362,-8.688660627477258
498,-8.845063521459839,-8.848622733439996,-8.882359006758694,-8.815902228221534
499,-9.101728503094886,-9.043106826457166,-9.0866734474313,-8.998079252981906
500,-8.766890470522078,-8.803458971845405,-8.837307514145353,-8.77016292226679
501,-8.911488999153583,-8.912345589501196,-8.95067636949084,-8.876569162990645
502,-9.506075298838168,-9.456926586913005,-9.492935880393492,-9.419987486854849
503,-9.338826527221821,-9.342877907934051,-9.378615895576427,-9.30723751246924
504,-9.281064201238369,-9.281215173187169,-9.31434312287853,-9.24658333528262
505,-9.222061290157255,-9.23356029802193,-9.269843394329655,-9.19625733235304
506,-9.351805737537235,-9.321504988580479,-9.365670605595867,-9.27739096569054
507,-9.258508175748915,-9.247692935001863,-9.287330134265428,-9.205087854483638
508,-8.989359931345307,-9.021996486804452,-9.054716228822876,-8.98776047833308
509,-9.185516122200891,-9.173244697359554,-9.209697104733484,-9.135563153144325
510,-9.259140440858468,-9.240229627725205,-9.277764343241685,-9.202239709117048
511,-9.170026999392023,-9.167416083290043,-9.203024220301522,-9.132497067912572
512,-9.061040209665132,-9.083712241080597,-9.119480514480378,-9.048277943044953
513,-9.261697422501202,-9.20440437991176,-9.251259751937523,-9.154751331628958
514,-8.897668254998681,-8.93919526953509,-8.978429860600384,-8.899810750001397
515,-9.074092075713633,-9.086650492916869,-9.12302606550265,-9.05120616459636
516,-9.632981411333258,-9.582969347793894,-9.619911647624129,-9.543960731331614
517,-9.578247888440636,-9.563715605350318,-9.598678440986358,-9.52913031980357
518,-9.398223904234914,-9.395649627166803,-9.428578112603475,-9.36224464477947
519,-9.141317355867129,-9.187094501223198,-9.226574161991946,-9.14726312822743
520,-9.532802984679973,-9.492563810388912,-9.532415638758136,-9.454377397149297
521,-9.545973196715295,-9.521823255055464,-9.561724370585809,-9.481699338048257
522,-9.366345695232688,-9.367980702955641,-9.401936470627417,-9.332010876768258
523,-9.199062489925677,-9.232959724270028,-9.266524416385282,-9.198551116978837
524,-9.485067111138644,-9.440516833631875,-9.475422755331115,-9.405518760481847
525,-9.249976983356301,-9.272970027524968,-9.312150798815615,-9.23527748394164
526,-9.359944528489462,-9.335162141208865,-9.37697764902045,-9.294620439139658
527,-9.151303239431611,-9.179586310486236,-9.22747800654591,-9.129185219355232
528,-9.150735459369491,-9.16737844251178,-9.21250696055895,-9.120732790986638
529,-9.258327905321346,-9.23100560510314,-9.272628639535105,-9.189269415387209
530,-9.092378372938388,-9.106256799412302,-9.140629694877656,-9.071392630823283
531,-9.09428774129026,-9.118930076283963,-9.158778814743398,-9.07726976490249
532,-9.336065294818576,-9.313463172175132,-9.351666311822262,-9.275179446484023
533,-9.329370791556329,-9.320510112705367,-9.358448221804377,-9.282657281073925
534,-9.213090036457405,-9.210570173478699,-9.254044731960164,-9.168053407343162
535,-9.096133882156666,-9.108768161096599,-9.14749248473486,-9.066881705348461
536,-9.047338132425606,-9.067131215046002,-9.099432326007136,-9.03400310538941
537,-9.179906503474129,-9.190978949427503,-9.230155671782677,-9.151722802478403
538,-9.411824372979337,-9.380796812949539,-9.424625412188979,-9.339294259352442
539,-8.70358565501779,-8.719898322742388,-8.751884627633022,-8.687860343354053
540,-9.236242085330034,-9.203569923289772,-9.249366587331647,-9.157268635507076
541,-8.77116070704096,-8.803697923155502,-8.844090485439207,-8.76180368699996
542,-8.84435490328721,-8.86201656679024,-8.901235537740734,-8.821716659014573
543,-9.207233744172314,-9.179184482789676,-9.216763177008438,-9.1410017679013
544,-9.030330852516398,-9.03716260916164,-9.066704413365493,-9.007074827312433
545,-8.993858828680024,-8.995997629460078,-9.02395674795611,-8.968102223797805
546,-8.945738049368341,-8.958010573527805,-8.983916556366696,-8.933500778599305
547,-9.10644006037147,-9.099096365959735,-9.129389452208533,-9.067937753043763
548,-9.121543585908078,-9.116800664406181,-9.154977575347331,-9.07749155585902
549,-9.083474760236086,-9.070389147579487,-9.10442823722843,-9.035051652310576
550,-8.778869240429813,-8.803125251721438,-8.830964991924395,-8.77246677697764
551,-8.92538363196141,-8.915893272864771,-8.942377494257538,-8.889277365600156
552,-8.818702411095991,-8.836022406904773,-8.865258432978198,-8.80721849828515
553,-9.06441448211002,-9.053080522448028,-9.083202604691138,-9.024581645797657
554,-9.03161525992291,-9.029543962330001,-9.06187834590273,-8.998664520632833
555,-8.950283152025992,-8.954348561005213,-8.993965337721335,-8.914820028515233
556,-8.906048244958782,-8.906067194285429,-8.940933649029308,-8.870772807355612
557,-8.825444723243994,-8.832663893109936,-8.857937095424235,-8.806305094801763
558,-8.842899215085717,-8.851738826692515,-8.87804308582851,-8.827105277260326
559,-9.027362599920082,-9.009896863286855,-9.039048628749548,-8.981220247607876
560,-8.922607302208124,-8.93104656904077,-8.960330209815494,-8.900389081457519
561,-8.959539508411005,-8.96564616447739,-8.993685934894813,-8.937767971766869
562,-9.127672626922744,-9.105448032795207,-9.143786599145312,-9.065962138061622
563,-8.992156348692923,-9.011511704636824,-9.043642728274046,-8.978170467350441
564,-9.118758566471792,-9.113136460636193,-9.143931780345081,-9.08046636305625
565,-9.100990146541228,-9.101151538864439,-9.130771137409088,-9.071127036774353
566,-9.111208354721718,-9.102238774227779,-9.132243740743547,-9.07123279724528
567,-8.934841948979042,-8.95172666011488,-8.979734374838044,-8.922923149735755
568,-9.05487905018351,-9.059447204514871,-9.090415518199011,-9.028071537162408
569,-9.27430511742485,-9.229655654966681,-9.266550503685217,-9.191882819654186
570,-8.911976770409957,-8.944559579356367,-8.978705892346946,-8.911471554729385
571,-9.095856568713408,-9.089267851313863,-9.119583547345636,-9.058861398242179
572,-9.071522471263508,-9.07731263013914,-9.105155074692842,-9.048186086830526
573,-9.176200171136399,-9.166650990235963,-9.197462566533737,-9.134772145763115
574,-9.10676694899277,-9.116953209824695,-9.146260662469968,-9.086622735300278
575,-9.176683132483312,-9.166445222505326,-9.195072976618313,-9.136992406187769
576,-9.081168789284524,-9.064106642196341,-9.099545515153325,-9.026405753764163
577,-8.733651982230176,-8.770025241293842,-8.802528539613434,-8.737131114285877
578,-8.920315226638778,-8.920241012229555,-8.947408266540645,-8.891672457415696
579,-9.038455690953695,-9.044188277466898,-9.075217089465335,-9.012804523310761
580,-9.220574172926645,-9.189975155805083,-9.225768580756661,-9.15365732339132
581,-9.073758806397437,-9.068676648443963,-9.109935158605909,-9.02471003708779
582,-8.878253946646742,-8.896317322770669,-8.930502520150938,-8.861531058490856
583,-8.912377514984458,-8.901304684850118,-8.93565869790649,-8.866674437687807
584,-8.805209283419742,-8.795265510635293,-8.82976241180484,-8.758119937824304
585,-8.593062811360742,-8.602545240942424,-8.62909425774307,-8.576151098902942
586,-8.524015436510718,-8.542118990256686,-8.570896185751304,-8.51257431473828
587,-8.735664355908668,-8.732320413532388,-8.759377025066417,-8.704279116013776
588,-8.81565726130582,-8.810489634652384,-8.839843981530713,-8.780845822298973
589,-8.797593818369828,-8.810793120175438,-8.841258874907954,-8.78095633882219
590,-9.063442117498763,-9.020176002152015,-9.06097672475744,-8.978050813128267
591,-8.811798359228968,-8.84196084635528,-8.877982817295756,-8.806700090818218
592,-8.949037043346225,-8.934934363616575,-8.964855713597851,-8.90364542989155
593,-8.78160267737942,-8.801906069118719,-8.83101486489548,-8.773339058639598
594,-8.962066392264951,-8.959867004035768,-8.989023601459234,-8.930390357891266
595,-9.044208222575122,-9.02375499142218,-9.053558329250873,-8.992844379103108
596,-8.746755558485592,-8.770948529815957,-8.801153714398296,-8.739383245663339
597,-9.229566736159155,-9.18380031245135,-9.233464811817342,-9.13237516644039
598,-8.702022813431425,-8.73807205041728,-8.775226459705774,-8.700749629779306
599,-8.844846683668024,-8.844929149160318,-8.871981729965906,-8.818454152849707
600,-8.923168772121695,-8.924594831049477,-8.954301504434724,-8.894912609635583
601,-9.00457795246868,-8.999103780041246,-9.026671942423485,-8.96895755305377
602,-8.981610197493758,-8.987524207719831,-9.017509985268577,-8.957396967850158
603,-9.031875081560402,-9.044674171578233,-9.076543763074426,-9.013812432840538
604,-9.340057555299461,-9.296048193131957,-9.33721416955509,-9.25433553641837
605,-9.2900177955503,-9.278454805204671,-9.321156599044205,-9.23469106572501
606,-9.198441701813303,-9.199540248435763,-9.2314466237416,-9.16613385937007
607,-9.106563923744067,-9.121606179621558,-9.15223342247181,-9.090771635417159
608,-9.244065241377804,-9.248344289232278,-9.282588957170226,-9.212259955891705
609,-9.463674241294232,-9.42989906637257,-9.466488755445763,-9.391992565095142
610,-9.33170218136095,-9.338223445226166,-9.377515122397234,-9.299087815819588
611,-9.295435562400556,-9.275803666160844,-9.321167596227673,-9.229524194860597
612,-8.986770285665532,-9.019282409902104,-9.05956614529837,-8.980147511186734
613,-9.094608155339257,-9.08978316700223,-9.122882613365553,-9.055164136065455
614,-9.05508372911525,-9.078407096720852,-9.109126074280805,-9.046470197176895
615,-9.556099093023898,-9.49374437513524,-9.531776716184947,-9.45694630391108
616,-9.35012671798064,-9.36405040838374,-9.397459284934627,-9.330459093334953
617,-9.390401163486201,-9.389537971749471,-9.427220082220629,-9.350589080044593
618,-9.43208385273977,-9.4176402622544,-9.4609465526418,-9.374558322924882
619,-9.401347397151557,-9.38472291098012,-9.430222111627458,-9.340999134430161
620,-9.183403630535164,-9.234589027114275,-9.273119013765086,-9.198063436486228
621,-9.785344718553532,-9.72747613035349,-9.760680233224354,-9.694131288958896
622,-9.582459569914116,-9.585477567857515,-9.624682666028768,-9.547101419458844
623,-9.15713810416112,-9.180551504623072,-9.216578764259658,-9.143630658415235
624,-9.353383821679605,-9.36668653601307,-9.400524119759396,-9.332748760353443
625,-9.771886800201676,-9.673670992800783,-9.726992034670435,-9.620158895000968
626,-9.168091107806726,-9.189882034170061,-9.230710756195265,-9.150288121376128
627,-9.334134156734434,-9.307437425289118,-9.339306425499554,-9.272899765990585
628,-8.927856836122281,-8.956298860736977,-8.985285738416477,-8.92737273128358
629,-9.219911211594772,-9.210839141682955,-9.244969744847898,-9.17855585575251
630,-9.292540750203518,-9.287768334201182,-9.317972623905804,-9.255113383718687
631,-9.30907144543827,-9.325544203431702,-9.362263102658154,-9.289008476207076
632,-9.576571080090414,-9.51175392815797,-9.553141226797322,-9.468392733381815
633,-9.344690704878493,-9.353069917487007,-9.390434689405971,-9.312992395852273
634,-9.253419516637347,-9.255037697165571,-9.290321040485006,-9.22060762845891
635,-9.116343776343053,-9.143540190940776,-9.176091654329444,-9.109075004862536
636,-9.3814040795439,-9.357090324726341,-9.393684799214856,-9.320344971887774
637,-7.772020779034319,-7.781120963867932,-7.7978201713266895,-7.76482835671829
638,-8.563064612768128,-8.573061908598604,-8.59893075214307,-8.545328483983042
639,-9.476502867827058,-9.424313028960551,-9.46957583794332,-9.382229318503075
640,-9.28549130399514,-9.318104549147176,-9.355390249175786,-9.279347539057765
641,-9.49346758213059,-9.462190174011809,-9.498041230314584,-9.425498526383432
642,-9.203568606350208,-9.209526160778447,-9.238740300009397,-9.177947979303989
643,-9.134091337392904,-9.156462701984674,-9.18661129705957,-9.125751872106935
644,-9.436442996062533,-9.404505924683297,-9.440525633030074,-9.369127388875004
645,-9.340803498452892,-9.352049633467693,-9.387393540486322,-9.317378266477409
646,-9.423824447432107,-9.39295456613647,-9.432857884842704,-9.353500288400962
647,-9.271951937473224,-9.27559307436798,-9.317678923981866,-9.23234418788156
648,-9.199291583609021,-9.190196161607721,-9.224826606297128,-9.152082193903867
649,-8.924510716074296,-8.951162109532474,-8.980453372788048,-8.922833463717373
650,-9.215271579804377,-9.215945052779803,-9.248807110083389,-9.182493427712771
651,-9.455876331462179,-9.41908688742073,-9.455390004958613,-9.381014579843084
652,-9.038823731268444,-9.076795140727194,-9.112797361784217,-9.041180832605184
653,-9.554467874989063,-9.475324887479257,-9.519232019584276,-9.429683841482996
654,-9.164968704133377,-9.177884653698596,-9.211316313852683,-9.143026364052092
655,-9.137816768259526,-9.147377620118862,-9.183433886257712,-9.112517876674826
656,-9.281367663853962,-9.257558931757266,-9.291057207104656,-9.225237436861788
657,-9.021181151930197,-9.039632721361885,-9.071932867196452,-9.007677667529356
658,-9.09014859622889,-9.086758668601341,-9.116031628550248,-9.056509869251961
659,-9.049992782212044,-9.064584811742437,-9.098247172317333,-9.031062622041064
660,-9.27065595603427,-9.232711771911964,-9.275019931932906,-9.189821930228831
661,-9.104190789265125,-9.10858433959878,-9.144185925646468,-9.07368513754855
662,-9.026455847659705,-9.03116201403958,-9.06039026741701,-9.002088967532224
663,-9.00776922681649,-9.011628727536644,-9.041927713524142,-8.979040463218265
664,-9.006205316374615,-9.01714640188066,-9.046628048805713,-8.985581167909316
665,-9.158486856411203,-9.158153844833931,-9.190125703580122,-9.126731210239676
666,-9.29852816576963,-9.281416317161352,-9.316110660274,-9.246597444865003
667,-9.220017614801636,-9.218012040755898,-9.25939079937681,-9.175745118379812
668,-9.075844566982374,-9.09231711599777,-9.12737868744022,-9.058481906795956
669,-9.168053703812415,-9.155689882515135,-9.184490629764374,-9.126750579186151
670,-9.083922144734878,-9.089632746421929,-9.121181504173494,-9.059742422634972
671,-9.073006078669158,-9.085203878305993,-9.115108028308319,-9.054649341485515
672,-9.229346678254453,-9.226466891551983,-9.25929855540019,-9.192644408816419
673,-9.371635364849551,-9.348780819962895,-9.384467407225005,-9.313137388945384
674,-9.245012553396824,-9.234560167002035,-9.274200858425914,-9.193890952005383
675,-8.942712100132972,-8.969314256531302,-9.002001817341633,-8.936969184453025
676,-9.08692028229073,-9.08117140713963,-9.11331744599921,-9.048012773148681
677,-9.103604849264224,-9.108026299028541,-9.144902866849634,-9.069201773107167
703,-9.184422525147848,-9.19847744874876,-9.23779863193111,-9.155744866590856
704,-9.373622559967014,-9.369460530403195,-9.40253023975397,-9.337233215071354
705,-9.531502362378138,-9.51142787076682,-9.546817505374605,-9.475561196037049
706,-9.469157142730747,-9.459182976908771,-9.494257937036103,-9.423980555523897
707,-9.221365447806155,-9.239697160496178,-9.273265443404167,-9.206059696585719
708,-9.305804538930335,-9.289126635291877,-9.323156703940334,-9.255205843641171
709,-9.136682408443502,-9.144791837442146,-9.181667093759996,-9.104128613267086
710,-9.056484486450927,-9.088318684047593,-9.12259442612388,-9.05424030547999
711,-9.433814919556134,-9.392440874259218,-9.427630986987555,-9.356345329413845
712,-9.231825885775155,-9.240451716252464,-9.272429540738129,-9.208057596678751
713,-9.182228719152958,-9.18653161267042,-9.214795403542045,-9.156522600354602
714,-9.156253706072416,-9.168730830986402,-9.1996210774811,-9.135601078113801
715,-9.346870683157265,-9.333115496024003,-9.368945080066215,-9.295536122565219
716,-9.336614576926543,-9.333037066803811,-9.373551900043353,-9.290267994272497
717,-9.300480215591511,-9.293031990565172,-9.330367593157028,-9.25659041443614
718,-9.188826442275921,-9.195336600967972,-9.229004398912355,-9.162835980201553
719,-9.187073833894756,-9.18320879813397,-9.213871632051278,-9.15316120636232
720,-9.08129161572074,-9.095879886330808,-9.12498154262567,-9.064684387162275
721,-9.156433365483892,-9.149314154616729,-9.180587616941034,-9.116522653897668
722,-9.128254141905906,-9.144098789697232,-9.178018268153512,-9.1107514143329
723,-9.338653117929478,-9.298767968506336,-9.335747137150472,-9.259404467198399
724,-9.164945512499484,-9.181885143299944,-9.218703519070102,-9.143553217727055
725,-9.256003330906001,-9.234886688765526,-9.267054298813129,-9.202433638703354
726,-8.942791032730852,-8.96528097395122,-8.993564526210736,-8.935215004209786
727,-9.089660514710502,-9.065355121590272,-9.099553174178657,-9.030222060850656
728,-8.7360875348491,-8.77101574031064,-8.802547059979164,-8.737733489330278
729,-8.93596571150909,-8.939633408988117,-8.972378552144177,-8.903293838692212
730,-9.356370435752293,-9.28951171353365,-9.335066397572897,-9.245203308188705
731,-9.072588053690023,-9.089061604725842,-9.127561527576862,-9.05153169284705
732,-9.051731695959564,-9.043871704438835,-9.07625628335154,-9.01084270516745
733,-8.86185345944943,-8.87552403948615,-8.90449962114154,-8.846219373342644
734,-8.89670120255155,-8.887349464882234,-8.915857903524348,-8.858779139181735
735,-8.728738181739793,-8.745343124509276,-8.769410890356163,-8.718955568262912
736,-9.088607394397473,-9.077155329040796,-9.109631962799313,-9.0425181376304
737,-9.132123662818831,-9.10424898054294,-9.142738815053086,-9.063181672600388
738,-8.855937599046861,-8.885089893787521,-8.918492710785381,-8.85359283910962
739,-8.94315095812196,-8.952587876792139,-8.98198733060321,-8.92330759306733
740,-9.19961473279577,-9.194046541735684,-9.227159303558198,-9.161028311074514
741,-9.341963775881513,-9.316402444926542,-9.34741031439924,-9.285891197765734
742,-8.993249420107654,-9.005375841639014,-9.035771821589691,-8.974930116010434
743,-8.92919166739222,-8.937056703392683,-8.96531141129745,-8.90928669645167
744,-8.953882735568147,-8.961036942621131,-8.994286177462605,-8.928604809974754
745,-9.054913878644873,-9.045590339716036,-9.080849082755776,-9.012261899853542
746,-8.979115276165059,-8.989200205766037,-9.01701600789286,-8.961211177928982
747,-9.086658763703879,-9.080137106727287,-9.109069467693228,-9.050738528822945
748,-9.022832309726432,-9.018105928421418,-9.050124801502959,-8.98453406424353
749,-8.849359805018763,-8.863418853181795,-8.890550868955172,-8.836800424867386
750,-8.936855666193088,-8.936962385867234,-8.968495539788016,-8.90312721728426
751,-9.01983320921256,-8.997926689440973,-9.030249695067045,-8.96499401216943
752,-8.733482366861805,-8.7610993433521,-8.79368731441501,-8.729484340807392
753,-8.882642692749101,-8.868614472840186,-8.899319525918404,-8.83888115013632
754,-8.744844905300686,-8.76124796394227,-8.790374466485572,-8.731158418925713
755,-8.910429902313698,-8.906185906554988,-8.93617897266625,-8.875616448853304
756,-8.913943351105356,-8.925434531229335,-8.956916746679418,-8.893057862686035
757,-9.1316107546729,-9.125906260898345,-9.158596047445943,-9.091642308321173
758,-9.209916243584912,-9.236151547442649,-9.276077128171352,-9.196141968048995
759,-9.599123312419268,-9.504073783929565,-9.54836572101203,-9.457246510499973
760,-9.33246994334483,-9.33013386736338,-9.37449708958896,-9.285307350632912
761,-9.089438053334161,-9.11845027432315,-9.158267468209775,-9.077483780078381
762,-9.243252700501742,-9.219878917213249,-9.256326390720053,-9.183270549508471
763,-9.099445944011165,-9.109573123349293,-9.143713540073641,-9.073560099474275
764,-9.105713370147162,-9.128849318355394,-9.165694675781447,-9.092880394375456
765,-9.552042658014448,-9.481227181720685,-9.527545687650004,-9.433967769244717
766,-9.44996963158765,-9.44323550392865,-9.485085880209718,-9.401057912420708
767,-9.413550424272987,-9.395749870355354,-9.434597455818347,-9.354796288613965
768,-9.121614519119365,-9.12555631419519,-9.15914637215543,-9.09208446488723
769,-8.969851109310403,-8.990003805414725,-9.020187395424795,-8.959442332645388
770,-9.113196881104674,-9.099300927045183,-9.132447150217804,-9.066423592449201
771,-9.001765611740787,-9.02182367534071,-9.052619593711592,-8.990422329033214
772,-9.333336717762343,-9.289299312828026,-9.335992707564861,-9.24045144861606
773,-8.748937682771176,-8.76386068692441,-8.799656901196746,-8.728022597044813
774,-8.766771189426933,-8.769240864072787,-8.796557081708668,-8.74071542512697
775,-8.786382431324132,-8.796282474365754,-8.824442994467123,-8.76773504260926
776,-9.071698241402077,-9.044543820692404,-9.077256316790885,-9.010505951358706
777,-8.809433130226953,-8.831808424769507,-8.858586672007483,-8.805216810677328
778,-9.065661653923588,-9.061391297485427,-9.09242212527109,-9.029261053204849
779,-9.15677042098594,-9.16381235026207,-9.201938216791405,-9.124054047636793
780,-9.299478847066935,-9.273144105055081,-9.309155660079536,-9.237128494977908
781,-9.165686519511322,-9.177190139037005,-9.210021004388267,-9.142812197996856
782,-9.248635175838494,-9.230018197114779,-9.264113996783223,-9.197823391292557
783,-8.977334114428153,-8.993967566605319,-9.022352680869623,-8.966364924986616
784,-9.047477181546741,-9.056361948864888,-9.083946962341512,-9.027255371920518
785,-9.363847390854716,-9.330771056599097,-9.360543388049452,-9.299797436983578
786,-9.10554764222671,-9.12033898149236,-9.157013755046101,-9.08337733392976
787,-9.019971813489716,-9.050319577514362,-9.087689389971043,-9.013020366047762
788,-9.34603018233259,-9.31681748092802,-9.345207443911583,-9.287931934018387
789,-9.088263742885115,-9.09158964467281,-9.119872459795275,-9.061018771799848
790,-8.943085558204952,-8.964672812369418,-8.993870924325886,-8.934514159342417
791,-9.22309655949842,-9.213951018230189,-9.243261197186563,-9.183107225547218
792,-9.311745282324779,-9.292419387877606,-9.325763208553678,-9.257607728098499
793,-9.214537569923154,-9.204657158008965,-9.250611079799189,-9.159762192338231
794,-8.76540507879316,-8.78030793037266,-8.814449889294934,-8.747505686435058
795,-8.700251681332675,-8.705920629825396,-8.733821633903691,-8.675834764273478
800,-9.836927749477582,-9.630189506018166,-9.696996189213255,-9.559132402144035
801,-9.324707967783345,-9.352019968572504,-9.392826804535417,-9.312060427792696
802,-9.432384515744527,-9.428047040786936,-9.461728169781434,-9.395384876243504
803,-9.480841705922824,-9.475232160606767,-9.507623147788992,-9.441587153874568
804,-9.49665876856567,-9.479194936514219,-9.510540014005624,-9.44408954042769
805,-9.21245003138396,-9.228328212915333,-9.262937762776893,-9.194105190459547
806,-9.26798836375549,-9.256560562343818,-9.290904704330414,-9.219219548402007
807,-9.15376693084489,-9.159396926194658,-9.196228276593144,-9.123078119026571
808,-9.108833532471948,-9.123468676299801,-9.160559661840407,-9.086711840242632
809,-9.229687522152213,-9.21926441168895,-9.246955633771414,-9.189295950782268
810,-9.18867176798573,-9.20688033383715,-9.240633122688378,-9.173984918640157
811,-9.437612457556257,-9.398977537927298,-9.432661775667082,-9.364258864340425
812,-9.247637974437353,-9.264946692118906,-9.298952122966167,-9.230982362823621
813,-9.336470287274176,-9.344573231440348,-9.381720681747414,-9.306728934652426
814,-9.57800433030261,-9.516212497071889,-9.560298981306488,-9.472462248785176
815,-9.174995227896895,-9.193861682081865,-9.235175582694753,-9.15421627895613
816,-9.16121327605162,-9.181820523169083,-9.218758697908868,-9.145904765458518
817,-9.394251342948053,-9.377289461064231,-9.41286246400065,-9.342579138188178
818,-9.418602723772262,-9.411277652185689,-9.443628939597183,-9.380612400480917
819,-9.35776196061901,-9.34821382054117,-9.382936666621262,-9.311793965913619
820,-9.068712197958401,-9.095732433983795,-9.127940517560504,-9.064945039640444
821,-9.312576922222219,-9.268046687962437,-9.307610079281783,-9.226685445512508
822,-9.10989655212487,-9.126312012378127,-9.162290940232346,-9.089621390221861
823,-9.169855039528892,-9.158417879143826,-9.190727539724916,-9.127337944462223
824,-8.999108315189757,-9.025775759632824,-9.057040754326682,-8.994048421816892
825,-9.399018678562292,-9.36341354952477,-9.398695740302369,-9.328645690341599
826,-9.28942040401624,-9.31141635740935,-9.343857910715112,-9.276780827149233
827,-9.507019809435526,-9.497088533618491,-9.542514926649751,-9.454483848321527
830,-9.703101816469191,-9.6557640645044,-9.698169737988625,-9.610150687313142
831,-9.604587075836758,-9.59248019680167,-9.624424483234696,-9.557246155429148
832,-9.33951290949435,-9.375672687647684,-9.410728675505332,-9.340395279124051
833,-9.591893413604437,-9.556630458263971,-9.59079024501056,-9.521402449792124
834,-9.429058786799997,-9.445798333132998,-9.486423737473388,-9.404841923351999
835,-9.41051185194192,-9.438260986554976,-9.482098007130697,-9.395208673062635
836,-9.567813380610087,-9.556524018202515,-9.599630059934308,-9.512214278407841
837,-9.594985711675486,-9.61124377374702,-9.648478512369374,-9.577159922570162
838,-9.792140336783335,-9.76525239981827,-9.806807772542774,-9.723131789109324
839,-9.724552311771442,-9.748951946149715,-9.791719913110377,-9.704420323695913
840,-9.901605031705172,-9.84851067783216,-9.890980594493726,-9.804937947271481
841,-9.472100817818257,-9.48965365826584,-9.531554325311289,-9.44776446090058
842,-9.430960922571295,-9.417872713470487,-9.459869892640004,-9.37555500357146
843,-9.186739038723855,-9.180530731607815,-9.220985748111435,-9.13887512179031
844,-8.921195082651874,-8.922324835950514,-8.950358198920625,-8.89341982988571
845,-8.666114085267585,-8.666348088498344,-8.69070414701761,-8.641981330296602
846,-8.38801691423086,-8.409148043859682,-8.431986313705458,-8.386438383510706
847,-8.746685939825468,-8.744052226328124,-8.770862307822755,-8.71540488918884
848,-8.93065981343397,-8.916938349726504,-8.940932983748198,-8.89247312366946
849,-8.808629533073193,-8.804650972301054,-8.835833284612299,-8.77238680458486
850,-8.605639564921665,-8.616311344444366,-8.644236290805324,-8.587556335125662
851,-8.537411549746285,-8.54550133199116,-8.567473919523488,-8.522637827598599
852,-8.686774156952866,-8.662942506890353,-8.687773888497224,-8.637589602992424
853,-8.282078626475608,-8.306924123466832,-8.329915693364498,-8.284327296516267
854,-8.615126756729545,-8.60505652822285,-8.630220735599298,-8.579180160788349
855,-8.600820674887572,-8.612537980471961,-8.637080084586888,-8.588531107493361
856,-8.876759367186011,-8.857834436537892,-8.892047013246255,-8.823450630416653
857,-8.838151276528366,-8.82740070383433,-8.858459594228554,-8.793322244183978
858,-8.59910129746418,-8.61798910127335,-8.64430478177361,-8.591647545767687
859,-8.712268064083238,-8.711977082360793,-8.739183469056274,-8.684890681613139
860,-8.763236964039002,-8.751571768973724,-8.779207050909442,-8.723899313063207
861,-8.565773619781941,-8.567212376836343,-8.591456638385784,-8.5426573529462
862,-8.39009326821652,-8.407920311848484,-8.431643242820291,-8.384729302353826
863,-8.671570631245789,-8.644451487796418,-8.675630403685139,-8.611752468693158
864,-8.526499043067277,-8.530810199770636,-8.557667722699154,-8.505549303055211
865,-8.476991229806732,-8.465191987007255,-8.486840424174776,-8.442135897759957
866,-8.106614828793445,-8.131362094931854,-8.153747473102209,-8.108894506273096
867,-8.479041865027938,-8.47549963013825,-8.49927499440599,-8.451322403614352
868,-8.743595478724934,-8.720615237187284,-8.745760793749744,-8.694061313627593
869,-8.496130382364763,-8.513785442072296,-8.537180951777998,-8.489704221593579
870,-8.85167205709413,-8.842462828909431,-8.87580621944379,-8.806867017444052
871,-8.852288414927939,-8.837957902742508,-8.868121118235475,-8.806678166822484
872,-8.59890283305442,-8.609062633947945,-8.632470850233416,-8.584951860349532
873,-8.555941582007739,-8.560979663488636,-8.584187118302884,-8.538514524916765
874,-8.642666137976365,-8.635355825155782,-8.660793751871244,-8.609930402366512
875,-8.569007376468976,-8.582439762388054,-8.607116497217955,-8.55717261979667
876,-8.88978982012407,-8.884319041539623,-8.912918504638226,-8.855754456238685
877,-9.01758690733684,-8.998711336682407,-9.037376443641744,-8.96285079847027
878,-8.909746197159237,-8.910391833733925,-8.943816455824436,-8.875846001001205
879,-8.814397111801943,-8.82583114566123,-8.856125257074005,-8.79593916451936
880,-8.947577206820178,-8.936578714659671,-8.965317012392635,-8.90800280688843
881,-8.826320467919746,-8.844370659711526,-8.873073511046547,-8.815953891339252
882,-9.074326662856546,-9.077716909736692,-9.110932928960032,-9.044037313504779
883,-9.685181945735064,-9.64987855272287,-9.68169618945829,-9.61544944800213
884,-8.749056338416597,-8.768580246780513,-8.799497335235301,-8.736630574030348
885,-8.896686393914235,-8.887611594686323,-8.917352074240647,-8.856211142904591
886,-8.91056892023085,-8.900604430034766,-8.930232583403287,-8.872433920089048
887,-8.722284061538891,-8.734620503599643,-8.76145449278976,-8.707602698495917
888,-8.76778772970015,-8.775932109633818,-8.802936007280227,-8.749409540167608
889,-9.069674740909566,-9.068249655774942,-9.099909422318262,-9.036929004084126
890,-9.231166165892022,-9.22390334328794,-9.256543722229742,-9.189222894888324
891,-9.349998246213703,-9.313515434872258,-9.359198294723463,-9.264643615992536
892,-8.896558649747151,-8.932894606647698,-8.968492269208731,-8.896290791186836
893,-9.088061489314178,-9.092871704007903,-9.123677435553585,-9.062351068144293
894,-9.329600953295058,-9.301717395162612,-9.335826759005004,-9.268098034977697
895,-9.227913465797805,-9.231389845528897,-9.265341736933511,-9.197946443018086
896,-9.199082047034155,-9.190893748255025,-9.22044000866109,-9.160645305189261
897,-9.00368543444591,-9.022399740673428,-9.053785675189177,-8.991118378251166
898,-9.119645259107552,-9.114645354733055,-9.152489810578855,-9.07599853189594
899,-9.16775704831448,-9.140604510134047,-9.181598726830963,-9.097724505134028
900,-8.884251888346071,-8.909424584928148,-8.939681060625531,-8.878054309359742
901,-9.360821079334045,-9.346481302313322,-9.379911337112498,-9.312574765668284
902,-9.468995904236547,-9.450145152514269,-9.48478459335638,-9.41622974042952
903,-9.372360364525617,-9.38766698055841,-9.438207333733434,-9.339268166874799
